external_id,league,home_team,away_team,match_date,home_score,away_score,home_shots_on_target,away_shots_on_target,home_possession,away_possession,home_corners,away_corners,home_yellow_cards,away_yellow_cards
1519857,Serie A,Genoa,Lecce,2025-08-23 00:00:00,0,0,2,0,59,41,3,7,2,3
1519857,Serie A,Genoa,Lecce,2025-08-23 00:00:00,0,0,2,0,59,41,3,7,2,3
1519861,Serie A,Sassuolo,Napoli,2025-08-23 00:00:00,0,2,2,4,38,62,1,2,1,1
1519859,Serie A,AC Milan,Cremonese,2025-08-23 00:00:00,1,2,6,3,64,36,9,2,1,4
1519860,Serie A,AS Roma,Bologna,2025-08-23 00:00:00,1,0,4,2,51,49,2,4,1,1
1519853,Serie A,Cagliari,Fiorentina,2025-08-24 00:00:00,1,1,6,1,45,55,3,2,4,2
1519852,Serie A,Como 1907,Lazio,2025-08-24 00:00:00,2,0,6,1,63,37,6,0,2,3
1519856,Serie A,Atalanta,Pisa,2025-08-24 00:00:00,1,1,6,2,66,34,10,4,2,0
1519858,Serie A,Juventus,Parma,2025-08-24 00:00:00,2,0,8,2,64,36,6,6,1,2
1519855,Serie A,Udinese,Hellas Verona,2025-08-25 00:00:00,1,1,4,3,63,37,5,1,3,2
1519854,Serie A,Inter,Torino,2025-08-25 00:00:00,5,0,9,4,60,40,6,5,,
1519843,Serie A,Cremonese,Sassuolo,2025-08-29 00:00:00,3,2,6,6,42,58,5,4,2,2
1519849,Serie A,Lecce,AC Milan,2025-08-29 00:00:00,0,2,2,6,45,55,4,5,1,0
1519844,Serie A,Bologna,Como 1907,2025-08-30 00:00:00,1,0,2,2,36,64,7,4,4,4
1519848,Serie A,Parma,Atalanta,2025-08-30 00:00:00,1,1,3,3,46,54,1,2,2,2
1519842,Serie A,Napoli,Cagliari,2025-08-30 00:00:00,1,0,6,1,67,33,13,0,2,1
1519850,Serie A,Pisa,AS Roma,2025-08-30 00:00:00,0,1,3,5,31,69,1,7,2,1
1519845,Serie A,Genoa,Juventus,2025-08-31 00:00:00,0,1,1,3,44,56,3,4,1,2
1519851,Serie A,Torino,Fiorentina,2025-08-31 00:00:00,0,0,4,4,45,55,7,3,2,2
1519847,Serie A,Inter,Udinese,2025-08-31 00:00:00,1,2,4,5,68,32,13,2,1,3
1519846,Serie A,Lazio,Hellas Verona,2025-08-31 00:00:00,4,0,6,4,70,30,8,1,,
1519880,Serie A,Cagliari,Parma,2025-09-13 00:00:00,2,0,5,5,51,49,4,5,3,1
1519882,Serie A,Juventus,Inter,2025-09-13 00:00:00,4,3,4,4,41,59,5,9,2,2
1519886,Serie A,Fiorentina,Napoli,2025-09-13 00:00:00,1,3,3,9,53,47,8,5,,
1519888,Serie A,AS Roma,Torino,2025-09-14 00:00:00,0,1,5,4,73,27,7,4,2,3
1519878,Serie A,Atalanta,Lecce,2025-09-14 00:00:00,4,1,8,3,57,44,8,2,,
1519885,Serie A,Pisa,Udinese,2025-09-14 00:00:00,0,1,2,3,51,49,8,6,1,2
1519887,Serie A,Sassuolo,Lazio,2025-09-14 00:00:00,1,0,3,3,41,59,3,7,6,3
1519892,Serie A,AC Milan,Bologna,2025-09-14 00:00:00,1,0,3,0,39,61,7,4,3,2
1519889,Serie A,Hellas Verona,Cremonese,2025-09-15 00:00:00,0,0,9,2,46,54,10,1,2,1
1519881,Serie A,Como 1907,Genoa,2025-09-15 00:00:00,1,1,4,6,53,47,0,8,2,2
1519901,Serie A,Lecce,Cagliari,2025-09-19 00:00:00,1,2,5,6,52,48,4,7,2,3
1519893,Serie A,Bologna,Genoa,2025-09-20 00:00:00,2,1,6,4,59,41,8,2,1,5
1519895,Serie A,Hellas Verona,Juventus,2025-09-20 00:00:00,1,1,4,4,28,72,5,3,3,3
1519891,Serie A,Udinese,AC Milan,2025-09-20 00:00:00,0,3,4,6,40,60,1,4,2,0
1519899,Serie A,Lazio,AS Roma,2025-09-21 00:00:00,0,1,2,6,49,51,3,6,1,1
1519897,Serie A,Cremonese,Parma,2025-09-21 00:00:00,0,0,1,3,52,48,3,3,1,0
1519890,Serie A,Torino,Atalanta,2025-09-21 00:00:00,0,3,5,5,39,61,1,0,,
1519896,Serie A,Fiorentina,Como 1907,2025-09-21 00:00:00,1,2,1,7,39,61,2,6,4,3
1519898,Serie A,Inter,Sassuolo,2025-09-21 00:00:00,2,1,6,5,61,39,7,3,2,1
1519900,Serie A,Napoli,Pisa,2025-09-22 00:00:00,3,2,6,6,64,37,5,3,1,2
1519865,Serie A,Como 1907,Cremonese,2025-09-27 00:00:00,1,1,6,2,58,42,4,3,3,4
1519866,Serie A,Juventus,Atalanta,2025-09-27 00:00:00,1,1,10,2,67,33,14,5,0,1
1519867,Serie A,Cagliari,Inter,2025-09-27 00:00:00,0,2,0,5,42,58,4,4,0,2
1519884,Serie A,Sassuolo,Udinese,2025-09-28 00:00:00,3,1,5,5,44,56,1,5,0,3
1519877,Serie A,AS Roma,Hellas Verona,2025-09-28 00:00:00,2,0,5,3,57,43,8,1,0,4
1519875,Serie A,Pisa,Fiorentina,2025-09-28 00:00:00,0,0,1,2,39,62,4,6,0,1
1519869,Serie A,Lecce,Bologna,2025-09-28 00:00:00,2,2,4,5,33,67,3,9,4,2
1519872,Serie A,AC Milan,Napoli,2025-09-28 00:00:00,2,1,3,7,37,64,1,7,1,0
1519874,Serie A,Parma,Torino,2025-09-29 00:00:00,2,1,2,4,37,63,4,3,3,3
1519864,Serie A,Genoa,Lazio,2025-09-29 00:00:00,0,3,5,6,65,35,6,0,5,1
1519879,Serie A,Hellas Verona,Sassuolo,2025-10-03 00:00:00,0,1,9,3,58,42,4,2,2,3
1519873,Serie A,Lazio,Torino,2025-10-04 00:00:00,3,3,4,8,49,51,3,5,3,3
1519883,Serie A,Parma,Lecce,2025-10-04 00:00:00,0,1,2,3,63,37,4,9,1,2
1519868,Serie A,Inter,Cremonese,2025-10-04 00:00:00,4,1,9,2,66,34,13,1,1,1
1519862,Serie A,Atalanta,Como 1907,2025-10-04 00:00:00,1,1,4,4,51,50,8,3,1,3
1519894,Serie A,Udinese,Cagliari,2025-10-05 00:00:00,1,1,4,2,60,40,7,2,1,2
1519863,Serie A,Bologna,Pisa,2025-10-05 00:00:00,4,0,7,0,71,29,2,2,0,1
1519871,Serie A,Fiorentina,AS Roma,2025-10-05 00:00:00,1,2,3,3,45,55,3,4,2,3
1519876,Serie A,Napoli,Genoa,2025-10-05 00:00:00,2,1,5,1,69,31,7,5,1,3
1519870,Serie A,Juventus,AC Milan,2025-10-05 00:00:00,0,0,3,4,51,49,6,0,2,2
1519926,Serie A,Lecce,Sassuolo,2025-10-18 00:00:00,0,0,2,2,52,49,6,4,2,2
1519927,Serie A,Pisa,Hellas Verona,2025-10-18 00:00:00,0,0,0,3,60,40,3,8,4,2
1519928,Serie A,Torino,Napoli,2025-10-18 00:00:00,1,0,2,5,31,69,3,11,1,2
1519930,Serie A,AS Roma,Inter,2025-10-18 00:00:00,0,1,5,3,57,43,4,5,4,3
1519913,Serie A,Como 1907,Juventus,2025-10-19 00:00:00,2,0,6,3,45,55,4,1,3,1
1519917,Serie A,Cagliari,Bologna,2025-10-19 00:00:00,0,2,3,7,42,58,2,7,1,3
1519918,Serie A,Genoa,Parma,2025-10-19 00:00:00,0,0,7,0,69,32,3,0,2,3
1519911,Serie A,Atalanta,Lazio,2025-10-19 00:00:00,0,0,6,1,58,42,7,1,4,0
1519924,Serie A,AC Milan,Fiorentina,2025-10-19 00:00:00,2,1,4,1,56,44,1,3,3,3
1519920,Serie A,Cremonese,Udinese,2025-10-20 00:00:00,1,1,4,1,52,48,5,4,4,2
1519922,Serie A,AC Milan,Pisa,2025-10-24 00:00:00,2,2,7,2,68,32,6,2,1,3
1519925,Serie A,Parma,Como 1907,2025-10-25 00:00:00,0,0,3,2,29,71,3,3,0,1
1519915,Serie A,Udinese,Lecce,2025-10-25 00:00:00,3,2,4,3,44,56,4,9,2,2
1519923,Serie A,Napoli,Inter,2025-10-25 00:00:00,3,1,3,3,43,57,1,4,2,1
1519910,Serie A,Cremonese,Atalanta,2025-10-25 00:00:00,1,1,5,6,35,65,2,10,3,1
1519935,Serie A,Torino,Genoa,2025-10-26 00:00:00,2,1,6,3,59,41,9,1,2,2
1519919,Serie A,Hellas Verona,Cagliari,2025-10-26 00:00:00,2,2,6,3,37,63,3,2,3,4
1519929,Serie A,Sassuolo,AS Roma,2025-10-26 00:00:00,0,1,1,8,41,59,6,6,3,2
1519916,Serie A,Fiorentina,Bologna,2025-10-26 00:00:00,2,2,7,3,50,50,5,6,3,3
1519921,Serie A,Lazio,Juventus,2025-10-26 00:00:00,1,0,3,5,40,60,2,5,2,4
1519906,Serie A,Lecce,Napoli,2025-10-28 00:00:00,0,1,2,3,41,59,3,5,2,1
1519903,Serie A,Atalanta,AC Milan,2025-10-28 00:00:00,1,1,3,1,56,44,9,4,1,3
1519914,Serie A,AS Roma,Parma,2025-10-29 00:00:00,2,1,6,5,60,40,9,2,0,4
1519907,Serie A,Como 1907,Hellas Verona,2025-10-29 00:00:00,3,1,5,9,71,29,1,3,1,4
1519909,Serie A,Juventus,Udinese,2025-10-29 00:00:00,3,1,11,2,57,43,8,4,1,4
1519905,Serie A,Bologna,Torino,2025-10-29 00:00:00,0,0,2,2,71,29,3,3,2,3
1519908,Serie A,Genoa,Cremonese,2025-10-29 00:00:00,0,2,1,4,54,46,7,3,3,1
1519912,Serie A,Inter,Fiorentina,2025-10-29 00:00:00,3,0,8,2,64,36,8,5,1,0
1519902,Serie A,Cagliari,Sassuolo,2025-10-30 00:00:00,1,2,1,4,46,54,3,7,4,4
1519904,Serie A,Pisa,Lazio,2025-10-30 00:00:00,0,0,2,6,39,61,3,1,2,2
1519939,Serie A,Udinese,Atalanta,2025-11-01 00:00:00,1,0,5,0,40,60,5,4,1,3
1519932,Serie A,Napoli,Como 1907,2025-11-01 00:00:00,0,0,8,2,45,55,4,2,3,2
1519931,Serie A,Cremonese,Juventus,2025-11-01 00:00:00,1,2,2,5,51,49,2,3,1,0
1519940,Serie A,Hellas Verona,Inter,2025-11-02 00:00:00,1,2,2,6,27,73,4,8,2,1
1519934,Serie A,Fiorentina,Lecce,2025-11-02 00:00:00,0,1,4,4,63,37,4,4,4,1
1519936,Serie A,Torino,Pisa,2025-11-02 00:00:00,2,2,3,3,64,36,4,2,2,1
1519937,Serie A,Parma,Bologna,2025-11-02 00:00:00,1,3,1,6,35,65,1,5,2,2
1519941,Serie A,AC Milan,AS Roma,2025-11-02 00:00:00,1,0,8,6,37,63,7,8,1,5
1519933,Serie A,Sassuolo,Genoa,2025-11-03 00:00:00,1,2,4,5,61,39,3,7,1,3
1519938,Serie A,Lazio,Cagliari,2025-11-03 00:00:00,2,0,3,5,51,49,7,5,0,2
1519969,Serie A,Pisa,Cremonese,2025-11-07 00:00:00,1,0,6,3,38,62,4,5,4,2
1519950,Serie A,Como 1907,Cagliari,2025-11-08 00:00:00,0,0,6,2,75,25,10,0,3,1
1519962,Serie A,Lecce,Hellas Verona,2025-11-08 00:00:00,0,0,6,2,59,41,7,2,1,4
1519959,Serie A,Juventus,Torino,2025-11-08 00:00:00,0,0,6,3,72,28,6,2,0,1
1519965,Serie A,Parma,AC Milan,2025-11-08 00:00:00,2,2,4,5,43,57,4,3,1,1
1519945,Serie A,Atalanta,Sassuolo,2025-11-09 00:00:00,0,3,2,4,68,33,4,1,0,2
1519949,Serie A,Bologna,Napoli,2025-11-09 00:00:00,2,0,4,1,41,59,5,4,1,3
1519953,Serie A,Genoa,Fiorentina,2025-11-09 00:00:00,2,2,6,3,41,59,3,7,2,3
1519971,Serie A,AS Roma,Udinese,2025-11-09 00:00:00,2,0,4,4,58,42,3,4,2,1
1519960,Serie A,Inter,Lazio,2025-11-09 00:00:00,2,0,3,5,54,46,3,1,3,1
1519948,Serie A,Cagliari,Genoa,2025-11-22 00:00:00,3,3,5,8,50,50,6,2,4,1
1519970,Serie A,Udinese,Bologna,2025-11-22 00:00:00,0,3,3,5,47,53,7,2,0,1
1519952,Serie A,Fiorentina,Juventus,2025-11-22 00:00:00,1,1,2,4,41,59,7,3,3,3
1519956,Serie A,Napoli,Atalanta,2025-11-22 00:00:00,3,1,6,3,45,55,5,3,1,2
1519944,Serie A,Hellas Verona,Parma,2025-11-23 00:00:00,1,2,2,7,59,41,4,4,4,3
1519947,Serie A,Cremonese,AS Roma,2025-11-23 00:00:00,1,3,4,6,50,50,3,5,2,2
1519964,Serie A,Lazio,Lecce,2025-11-23 00:00:00,2,0,9,1,67,33,8,2,1,1
1519957,Serie A,Inter,AC Milan,2025-11-23 00:00:00,0,1,6,3,64,36,9,1,1,2
1519968,Serie A,Torino,Como 1907,2025-11-24 00:00:00,1,5,2,7,35,65,3,4,0,1
1519963,Serie A,Sassuolo,Pisa,2025-11-24 00:00:00,2,2,7,3,63,37,5,2,2,1
1519946,Serie A,Como 1907,Sassuolo,2025-11-28 00:00:00,2,0,13,5,63,37,4,4,2,1
1519951,Serie A,Genoa,Hellas Verona,2025-11-29 00:00:00,2,1,4,5,60,40,2,3,1,3
1519961,Serie A,Parma,Udinese,2025-11-29 00:00:00,0,2,2,5,51,50,5,9,1,2
1519955,Serie A,Juventus,Cagliari,2025-11-29 00:00:00,2,1,6,3,57,43,1,6,1,5
1519958,Serie A,AC Milan,Lazio,2025-11-29 00:00:00,1,0,4,4,46,54,1,4,3,4
1519954,Serie A,Lecce,Torino,2025-11-30 00:00:00,2,1,2,6,48,52,6,6,2,3
1519967,Serie A,Pisa,Inter,2025-11-30 00:00:00,0,2,2,3,40,60,4,6,2,1
1519942,Serie A,Atalanta,Fiorentina,2025-11-30 00:00:00,2,0,9,3,48,52,4,5,1,3
1519966,Serie A,AS Roma,Napoli,2025-11-30 00:00:00,0,1,2,5,56,44,4,2,4,3
1519943,Serie A,Bologna,Cremonese,2025-12-01 00:00:00,1,3,7,5,65,35,13,8,0,2
1519994,Serie A,Sassuolo,Fiorentina,2025-12-06 00:00:00,3,1,5,1,40,60,7,1,2,3
1519977,Serie A,Inter,Como 1907,2025-12-06 00:00:00,4,0,7,3,42,58,7,4,1,2
1520001,Serie A,Hellas Verona,Atalanta,2025-12-06 00:00:00,3,1,7,5,36,64,5,5,2,1
1519975,Serie A,Cremonese,Lecce,2025-12-07 00:00:00,2,0,4,1,49,51,5,5,1,2
1519974,Serie A,Cagliari,AS Roma,2025-12-07 00:00:00,1,0,8,2,47,53,4,1,2,1
1519983,Serie A,Lazio,Bologna,2025-12-07 00:00:00,1,1,9,6,47,53,7,3,3,3
1519991,Serie A,Napoli,Juventus,2025-12-07 00:00:00,2,1,4,2,50,50,9,0,2,1
1519992,Serie A,Pisa,Parma,2025-12-08 00:00:00,0,1,2,2,60,40,6,0,2,2
1520004,Serie A,Udinese,Genoa,2025-12-08 00:00:00,1,2,6,6,58,42,6,2,1,0
1519998,Serie A,Torino,AC Milan,2025-12-08 00:00:00,2,3,4,6,36,64,2,4,2,1
1519989,Serie A,Lecce,Pisa,2025-12-12 00:00:00,1,0,3,0,51,49,12,1,2,1
1519997,Serie A,Torino,Cremonese,2025-12-13 00:00:00,1,0,6,3,46,54,6,6,1,2
1519996,Serie A,Parma,Lazio,2025-12-13 00:00:00,0,1,5,5,47,53,4,4,2,1
1519976,Serie A,Atalanta,Cagliari,2025-12-13 00:00:00,2,1,8,1,59,42,5,4,1,2
1519990,Serie A,AC Milan,Sassuolo,2025-12-14 00:00:00,2,2,5,3,59,41,7,3,1,3
1519985,Serie A,Fiorentina,Hellas Verona,2025-12-14 00:00:00,1,2,4,3,65,35,9,4,1,5
1519999,Serie A,Udinese,Napoli,2025-12-14 00:00:00,1,0,5,0,38,62,1,3,1,0
1519986,Serie A,Genoa,Inter,2025-12-14 00:00:00,1,2,3,8,36,64,1,6,2,3
1519993,Serie A,Bologna,Juventus,2025-12-14 00:00:00,0,1,4,3,51,49,3,4,3,1
1519995,Serie A,AS Roma,Como 1907,2025-12-15 00:00:00,1,0,4,1,53,47,6,3,3,3
1519978,Serie A,Lazio,Cremonese,2025-12-20 00:00:00,0,0,2,2,57,43,3,0,4,3
1519988,Serie A,Juventus,AS Roma,2025-12-20 00:00:00,2,1,9,5,41,59,2,4,2,3
1519973,Serie A,Cagliari,Pisa,2025-12-21 00:00:00,2,2,5,3,59,41,2,6,3,2
1519984,Serie A,Sassuolo,Torino,2025-12-21 00:00:00,0,1,1,5,53,47,2,3,3,1
1519981,Serie A,Fiorentina,Udinese,2025-12-21 00:00:00,5,1,7,4,63,37,1,4,3,1
1519979,Serie A,Genoa,Atalanta,2025-12-21 00:00:00,0,1,3,4,29,71,6,10,1,2
1520017,Serie A,Parma,Fiorentina,2025-12-27 00:00:00,1,0,2,4,42,58,5,6,2,2
1520000,Serie A,Lecce,Como 1907,2025-12-27 00:00:00,0,3,5,6,38,62,4,6,2,4
1520006,Serie A,Torino,Cagliari,2025-12-27 00:00:00,1,2,10,4,56,44,6,2,3,0
1520013,Serie A,Udinese,Lazio,2025-12-27 00:00:00,1,1,4,1,46,54,5,6,3,4
1520002,Serie A,Pisa,Juventus,2025-12-27 00:00:00,0,2,0,7,41,59,2,8,4,1
1520007,Serie A,AC Milan,Hellas Verona,2025-12-28 00:00:00,3,0,5,1,52,48,7,3,0,1
1520005,Serie A,Cremonese,Napoli,2025-12-28 00:00:00,0,2,2,8,47,53,1,10,2,2
1520003,Serie A,Bologna,Sassuolo,2025-12-28 00:00:00,1,1,6,5,58,42,2,3,2,3
1520014,Serie A,Atalanta,Inter,2025-12-28 00:00:00,0,1,0,4,45,55,4,7,2,1
1520008,Serie A,AS Roma,Genoa,2025-12-29 00:00:00,3,1,8,2,61,40,6,1,0,1
1520009,Serie A,Cagliari,AC Milan,2026-01-02 00:00:00,0,1,1,4,46,54,6,7,2,1
1520015,Serie A,Como 1907,Udinese,2026-01-03 00:00:00,1,0,3,0,62,38,3,2,1,3
1520011,Serie A,Genoa,Pisa,2026-01-03 00:00:00,1,1,4,2,62,38,2,7,1,3
1520019,Serie A,Sassuolo,Parma,2026-01-03 00:00:00,1,1,3,5,53,47,4,7,2,1
1520016,Serie A,Juventus,Lecce,2026-01-03 00:00:00,1,1,5,1,72,28,10,1,0,3
1520012,Serie A,Atalanta,AS Roma,2026-01-03 00:00:00,1,0,2,4,45,55,7,5,1,2
1520018,Serie A,Lazio,Napoli,2026-01-04 00:00:00,0,2,0,3,35,65,2,6,2,1
1520010,Serie A,Fiorentina,Cremonese,2026-01-04 00:00:00,1,0,8,2,65,35,7,3,1,2
1520020,Serie A,Hellas Verona,Torino,2026-01-04 00:00:00,0,3,3,5,48,52,4,7,0,2
1520021,Serie A,Inter,Bologna,2026-01-04 00:00:00,3,1,10,2,58,42,7,1,3,3
1520040,Serie A,Pisa,Como 1907,2026-01-06 00:00:00,0,3,4,7,27,73,1,5,2,2
1520030,Serie A,Lecce,AS Roma,2026-01-06 00:00:00,0,2,1,3,51,49,2,2,3,1
1520041,Serie A,Sassuolo,Juventus,2026-01-06 00:00:00,0,3,2,10,44,56,5,5,,
1520033,Serie A,Bologna,Atalanta,2026-01-07 00:00:00,0,2,2,5,53,47,6,6,,
1520034,Serie A,Napoli,Hellas Verona,2026-01-07 00:00:00,2,2,4,4,70,30,6,1,0,3
1520028,Serie A,Lazio,Fiorentina,2026-01-07 00:00:00,2,2,9,5,49,51,8,2,3,5
1520039,Serie A,Parma,Inter,2026-01-07 00:00:00,0,2,0,8,37,63,1,3,1,3
1520036,Serie A,Torino,Udinese,2026-01-07 00:00:00,1,2,4,4,54,46,3,6,2,1
1520029,Serie A,Cremonese,Cagliari,2026-01-08 00:00:00,2,2,5,5,44,56,2,4,2,2
1520037,Serie A,AC Milan,Genoa,2026-01-08 00:00:00,1,1,8,2,61,39,12,1,4,1
1520025,Serie A,Como 1907,Bologna,2026-01-10 00:00:00,1,1,3,2,59,41,4,2,3,3
1520031,Serie A,Udinese,Pisa,2026-01-10 00:00:00,2,2,2,7,54,46,3,8,1,4
1520038,Serie A,AS Roma,Sassuolo,2026-01-10 00:00:00,2,0,6,3,64,36,5,2,2,2
1520022,Serie A,Atalanta,Torino,2026-01-10 00:00:00,2,0,5,3,56,44,5,4,1,2
1520035,Serie A,Lecce,Parma,2026-01-11 00:00:00,1,2,1,2,41,59,3,3,3,1
1520024,Serie A,Fiorentina,AC Milan,2026-01-11 00:00:00,1,1,7,3,52,48,8,5,2,3
1520032,Serie A,Hellas Verona,Lazio,2026-01-11 00:00:00,0,1,2,2,36,64,2,1,2,1
1520023,Serie A,Genoa,Cagliari,2026-01-12 00:00:00,3,0,7,3,44,56,2,3,2,5
1520027,Serie A,Juventus,Cremonese,2026-01-12 00:00:00,5,0,11,2,58,42,4,5,0,1
1519982,Serie A,Napoli,Parma,2026-01-14 00:00:00,0,0,4,1,69,31,7,1,1,3
1519980,Serie A,Inter,Lecce,2026-01-14 00:00:00,1,0,7,1,68,32,11,3,2,1
1519987,Serie A,Hellas Verona,Bologna,2026-01-15 00:00:00,2,3,5,5,39,61,4,5,1,2
1519972,Serie A,Como 1907,AC Milan,2026-01-15 00:00:00,1,3,8,4,68,32,8,4,1,0
1520052,Serie A,Pisa,Atalanta,2026-01-16 00:00:00,1,1,6,4,43,57,10,1,1,2
1520045,Serie A,Udinese,Inter,2026-01-17 00:00:00,0,1,1,5,38,63,2,5,0,1
1520042,Serie A,Napoli,Sassuolo,2026-01-17 00:00:00,1,0,4,4,53,47,5,4,0,2
1520047,Serie A,Cagliari,Juventus,2026-01-17 00:00:00,1,0,1,5,22,78,1,18,0,1
1520044,Serie A,Parma,Genoa,2026-01-18 00:00:00,0,0,2,3,51,49,7,3,3,2
1520055,Serie A,Bologna,Fiorentina,2026-01-18 00:00:00,1,2,3,4,61,39,7,1,3,0
1520054,Serie A,Torino,AS Roma,2026-01-18 00:00:00,0,2,4,5,37,63,2,1,2,1
1520050,Serie A,AC Milan,Lecce,2026-01-18 00:00:00,1,0,6,0,69,31,10,2,1,1
1520043,Serie A,Cremonese,Hellas Verona,2026-01-19 00:00:00,0,0,1,4,56,44,3,6,3,0
1520046,Serie A,Lazio,Como 1907,2026-01-19 00:00:00,0,3,4,6,34,66,3,2,5,3
1520057,Serie A,Inter,Pisa,2026-01-23 00:00:00,6,2,14,3,66,34,7,5,2,3
1520048,Serie A,Como 1907,Torino,2026-01-24 00:00:00,6,0,7,1,59,41,2,1,0,1
1520049,Serie A,Fiorentina,Cagliari,2026-01-24 00:00:00,1,2,3,6,70,30,8,3,2,3
1520059,Serie A,Lecce,Lazio,2026-01-24 00:00:00,0,0,2,1,39,61,4,1,2,1
1520061,Serie A,Sassuolo,Cremonese,2026-01-25 00:00:00,1,0,7,4,45,55,3,5,1,2
1520056,Serie A,Atalanta,Parma,2026-01-25 00:00:00,4,0,9,2,48,52,6,9,1,0
1520051,Serie A,Genoa,Bologna,2026-01-25 00:00:00,3,2,6,3,49,51,5,2,2,2
1520058,Serie A,Juventus,Napoli,2026-01-25 00:00:00,3,0,6,1,42,58,2,2,1,2
1520060,Serie A,AS Roma,AC Milan,2026-01-25 00:00:00,1,1,7,2,58,42,5,3,0,4
1520053,Serie A,Hellas Verona,Udinese,2026-01-26 00:00:00,1,3,4,7,53,47,3,8,2,0
1520067,Serie A,Lazio,Genoa,2026-01-30 00:00:00,3,2,4,4,55,45,5,3,2,3
1520069,Serie A,Pisa,Sassuolo,2026-01-31 00:00:00,1,3,6,5,54,46,2,5,3,3
1520068,Serie A,Napoli,Fiorentina,2026-01-31 00:00:00,2,1,6,5,53,47,4,4,1,1
1520065,Serie A,Cagliari,Hellas Verona,2026-01-31 00:00:00,4,0,7,3,62,38,6,3,,
1520071,Serie A,Torino,Lecce,2026-02-01 00:00:00,1,0,5,2,42,58,3,8,2,2
1520066,Serie A,Como 1907,Atalanta,2026-02-01 00:00:00,0,0,9,2,79,21,7,1,4,3
1520062,Serie A,Cremonese,Inter,2026-02-01 00:00:00,0,2,3,4,31,69,1,6,3,0
1520070,Serie A,Parma,Juventus,2026-02-01 00:00:00,1,4,4,8,39,61,5,3,1,3
1520063,Serie A,Udinese,AS Roma,2026-02-02 00:00:00,1,0,4,3,36,64,4,7,5,4
1520064,Serie A,Bologna,AC Milan,2026-02-03 00:00:00,0,3,2,7,54,46,5,0,3,0
1520078,Serie A,Hellas Verona,Pisa,2026-02-06 00:00:00,0,0,0,3,61,39,8,4,1,2
1520089,Serie A,Genoa,Napoli,2026-02-07 00:00:00,2,3,3,5,40,60,4,3,2,1
1520088,Serie A,Fiorentina,Torino,2026-02-07 00:00:00,2,2,5,4,55,45,9,4,2,5
1520081,Serie A,Bologna,Parma,2026-02-08 00:00:00,0,1,2,1,52,48,4,5,1,1
1520090,Serie A,Lecce,Udinese,2026-02-08 00:00:00,2,1,5,1,54,46,7,0,1,2
1520085,Serie A,Sassuolo,Inter,2026-02-08 00:00:00,0,5,2,11,38,62,5,6,1,1
1520083,Serie A,Juventus,Lazio,2026-02-08 00:00:00,2,2,8,2,63,37,8,1,0,2
1520087,Serie A,Atalanta,Cremonese,2026-02-09 00:00:00,2,1,9,2,56,44,13,2,2,0
1520080,Serie A,AS Roma,Cagliari,2026-02-09 00:00:00,2,0,5,1,53,48,7,1,2,4
1520084,Serie A,Pisa,AC Milan,2026-02-13 00:00:00,1,2,2,2,34,66,3,1,1,1
1520073,Serie A,Como 1907,Fiorentina,2026-02-14 00:00:00,1,2,3,3,67,33,4,2,2,2
1520074,Serie A,Lazio,Atalanta,2026-02-14 00:00:00,0,2,5,5,50,50,5,4,1,4
1520076,Serie A,Inter,Juventus,2026-02-14 00:00:00,3,2,9,8,60,40,4,1,4,0
1520082,Serie A,Udinese,Sassuolo,2026-02-15 00:00:00,1,2,2,3,51,49,7,6,3,3
1520075,Serie A,Cremonese,Genoa,2026-02-15 00:00:00,0,0,8,6,35,65,6,11,2,0
1520079,Serie A,Parma,Hellas Verona,2026-02-15 00:00:00,2,1,8,1,76,24,12,1,2,1
1520086,Serie A,Torino,Bologna,2026-02-15 00:00:00,1,2,2,7,47,53,4,2,3,1
1520077,Serie A,Napoli,AS Roma,2026-02-15 00:00:00,2,2,7,2,61,39,2,1,1,1
1520072,Serie A,Cagliari,Lecce,2026-02-16 00:00:00,0,2,0,4,59,41,8,2,,
1520091,Serie A,AC Milan,Como 1907,2026-02-18 00:00:00,1,1,4,4,54,46,4,4,2,3
1520101,Serie A,Sassuolo,Hellas Verona,2026-02-20 00:00:00,3,0,4,1,47,53,6,5,2,1
1520098,Serie A,Juventus,Como 1907,2026-02-21 00:00:00,0,2,3,2,52,48,7,2,1,0
1520099,Serie A,Lecce,Inter,2026-02-21 00:00:00,0,2,0,9,32,68,2,10,1,2
1520096,Serie A,Cagliari,Lazio,2026-02-21 00:00:00,0,0,2,3,42,58,3,6,1,2
1520097,Serie A,Genoa,Torino,2026-02-22 00:00:00,3,0,5,3,62,38,1,3,0,1
1520095,Serie A,Atalanta,Napoli,2026-02-22 00:00:00,2,1,7,4,57,43,6,1,1,1
1520100,Serie A,AC Milan,Parma,2026-02-22 00:00:00,0,1,6,3,67,33,5,2,2,1
1520094,Serie A,AS Roma,Cremonese,2026-02-22 00:00:00,3,0,5,0,58,42,9,1,1,1
1520093,Serie A,Fiorentina,Pisa,2026-02-23 00:00:00,1,0,5,1,56,44,4,3,3,3
1520092,Serie A,Bologna,Udinese,2026-02-23 00:00:00,1,0,6,3,46,54,4,7,1,1
1520107,Serie A,Parma,Cagliari,2026-02-27 00:00:00,1,1,4,5,56,44,6,3,2,4
1520105,Serie A,Como 1907,Lecce,2026-02-28 00:00:00,3,1,7,2,69,31,5,1,0,1
1520104,Serie A,Hellas Verona,Napoli,2026-02-28 00:00:00,1,2,2,5,35,65,2,5,3,4
1520102,Serie A,Inter,Genoa,2026-02-28 00:00:00,2,0,6,2,56,44,10,2,2,1
1520106,Serie A,Cremonese,AC Milan,2026-03-01 00:00:00,0,2,3,6,47,54,6,7,2,0
1520111,Serie A,Sassuolo,Atalanta,2026-03-01 00:00:00,2,1,5,7,24,76,3,9,2,2
1520110,Serie A,Torino,Lazio,2026-03-01 00:00:00,2,0,5,3,45,55,6,9,4,1
1520103,Serie A,AS Roma,Juventus,2026-03-01 00:00:00,3,3,5,5,47,54,4,1,1,0
1520108,Serie A,Pisa,Bologna,2026-03-02 00:00:00,0,1,3,1,41,59,7,4,0,2
1520109,Serie A,Udinese,Fiorentina,2026-03-02 00:00:00,3,0,7,0,35,65,5,2,1,4
1520112,Serie A,Napoli,Torino,2026-03-06 00:00:00,2,1,9,4,64,36,11,2,0,3
1520113,Serie A,Cagliari,Como 1907,2026-03-07 00:00:00,1,2,3,2,43,57,2,3,3,1
1520114,Serie A,Atalanta,Udinese,2026-03-07 00:00:00,2,2,4,2,68,32,11,3,1,2
1520117,Serie A,Juventus,Pisa,2026-03-07 00:00:00,4,0,7,2,60,41,4,4,1,3
1520120,Serie A,Lecce,Cremonese,2026-03-08 00:00:00,2,1,3,5,41,59,4,4,1,4
1520124,Serie A,Bologna,Hellas Verona,2026-03-08 00:00:00,1,2,2,5,67,33,5,3,1,2
1520115,Serie A,Fiorentina,Parma,2026-03-08 00:00:00,0,0,1,0,56,44,7,1,2,0
1520116,Serie A,Genoa,AS Roma,2026-03-08 00:00:00,2,1,5,1,36,64,3,6,1,3
1520121,Serie A,AC Milan,Inter,2026-03-08 00:00:00,1,0,2,2,37,63,1,6,2,2
1520130,Serie A,Udinese,Juventus,2026-03-14 00:00:00,0,1,2,8,45,55,2,6,3,1
1520132,Serie A,Hellas Verona,Genoa,2026-03-15 00:00:00,0,2,1,3,42,58,4,2,2,1
1520119,Serie A,Como 1907,AS Roma,2026-03-15 00:00:00,2,1,7,1,66,34,7,1,2,1
1520127,Serie A,Lazio,AC Milan,2026-03-15 00:00:00,1,0,2,3,41,59,1,9,4,1
1520123,Serie A,Cremonese,Fiorentina,2026-03-16 00:00:00,1,4,3,6,48,52,4,6,1,0
1520133,Serie A,Cagliari,Napoli,2026-03-20 00:00:00,0,1,0,5,33,67,2,7,2,2
1520138,Serie A,Genoa,Udinese,2026-03-20 00:00:00,0,2,2,4,62,38,7,1,1,5
1520140,Serie A,Parma,Cremonese,2026-03-21 00:00:00,0,2,1,4,52,48,3,1,3,3
1520139,Serie A,AC Milan,Torino,2026-03-21 00:00:00,3,2,6,7,63,37,4,6,3,2
1520137,Serie A,Juventus,Sassuolo,2026-03-21 00:00:00,1,1,8,1,66,34,9,4,1,2
1520134,Serie A,Como 1907,Pisa,2026-03-22 00:00:00,5,0,7,0,73,27,7,1,0,2
1520125,Serie A,Atalanta,Hellas Verona,2026-03-22 00:00:00,1,0,3,3,60,40,2,4,1,3
1520131,Serie A,Bologna,Lazio,2026-03-22 00:00:00,0,2,4,5,54,46,2,1,1,1
1520136,Serie A,Fiorentina,Inter,2026-03-22 00:00:00,1,1,6,4,40,60,3,5,3,3
1520150,Serie A,Sassuolo,Cagliari,2026-04-04 00:00:00,2,1,2,3,50,50,2,2,1,0
1520148,Serie A,Hellas Verona,Fiorentina,2026-04-04 00:00:00,0,1,8,1,49,51,9,1,3,1
1520145,Serie A,Lazio,Parma,2026-04-04 00:00:00,1,1,3,4,61,39,7,2,1,2
1520143,Serie A,Cremonese,Bologna,2026-04-05 00:00:00,1,2,3,7,37,63,2,4,2,1
1520149,Serie A,Pisa,Torino,2026-04-05 00:00:00,0,1,1,2,50,50,1,2,1,0
1520142,Serie A,Inter,AS Roma,2026-04-05 00:00:00,5,2,9,3,56,44,7,4,0,1
1520151,Serie A,Udinese,Como 1907,2026-04-06 00:00:00,0,0,4,4,49,51,6,2,2,3
1520146,Serie A,Lecce,Atalanta,2026-04-06 00:00:00,0,3,0,6,42,58,2,5,0,2
1520144,Serie A,Juventus,Genoa,2026-04-06 00:00:00,2,0,5,3,62,38,5,5,4,1
1520147,Serie A,Napoli,AC Milan,2026-04-06 00:00:00,1,0,3,1,53,48,4,3,2,0
1520171,Serie A,AS Roma,Pisa,2026-04-10 00:00:00,3,0,3,5,59,41,1,3,1,1
1520166,Serie A,Cagliari,Cremonese,2026-04-11 00:00:00,1,0,5,2,35,65,6,5,1,1
1520174,Serie A,Torino,Hellas Verona,2026-04-11 00:00:00,2,1,2,4,46,54,3,6,1,4
1520169,Serie A,AC Milan,Udinese,2026-04-11 00:00:00,0,3,3,6,63,37,4,3,1,1
1520165,Serie A,Genoa,Sassuolo,2026-04-12 00:00:00,2,1,7,6,52,48,5,3,2,3
1520170,Serie A,Parma,Napoli,2026-04-12 00:00:00,1,1,2,6,26,75,3,7,1,0
1520163,Serie A,Bologna,Lecce,2026-04-12 00:00:00,2,0,4,1,64,36,8,6,0,2
1520167,Serie A,Como 1907,Inter,2026-04-12 00:00:00,3,4,8,5,60,40,1,1,3,7
